time,is_closed
86.3052301,1
106.3308863,1
182.38020690000002,1
214.5597315,1
235.7584764,1
259.9837268,1
277.69816860000003,1
322.6804877,1
414.9256003,1
439.47231370000003,1
485.42424950000003,1
504.38649720000006,1
